admin/admin
imenbh/imenbh1/imen_bhamed-45216325
mahakh/mahakh1/maha_kharbech-2000500
marwakh/marwakh1/marwa_kharbech-952606
seb/seb1/sebastien_yung-50001
tony/tony1/tony_fu-45216325
alexis/alexis1/alexis_bush-8001
aaron/aaron1/aaron_brown-96666
jeny/jeny1/jenifer_gomez-9001
selena/selena1/selena_vasquez-2501

